Adoption ID,University ID,University Name,University Address,University City,University State,University ZIP,University Longitude,University Latitude,University Classification,University Website
1,188429,Adelphi University,South Ave,Garden City,New York,11530-0701,-73.653321,40.721439,Doctoral/Research Universities,www.adelphi.edu/
2,141334,University of West Georgia,1601 Maple St,Carrollton,Georgia,30118-0001,-85.099007,33.574421,Master's Colleges and Universities (larger programs),www.westga.edu
3,190044,Clarkson University,8 Clarkson Ave,Potsdam,New York,13699,-74.999947,44.663761,Research Universities (high research activity),www.clarkson.edu
4,483586,California International Business University,520 W Ash Street Ste 300,San Diego,California,92101,-117.167671,32.719889,"Not applicable, not in Carnegie universe (not accredited or nondegree-granting)",www.cibu.edu
5,224226,Dallas Baptist University,3000 Mountain Creek Parkway,Dallas,Texas,75211-9299,-96.947006,32.710017,Master's Colleges and Universities (larger programs),www.dbu.edu
6,436094,Argosy University-Phoenix,2233 West Dunlap Avenue,Phoenix,Arizona,85021,-112.107455,33.5669,Other health professions schools,www.argosy.edu/phoenix/
7,213987,Mercyhurst University,501 E 38th St,Erie,Pennsylvania,16546,-80.055568,42.103991,Master's Colleges and Universities (smaller programs),www.mercyhurst.edu
8,224147,Texas A & M University-Corpus Christi,6300 Ocean Dr.,Corpus Christi,Texas,78412-5503,-97.331933,27.718601,Doctoral/Research Universities,www.tamucc.edu
9,148654,University of Illinois at Springfield,One University Plaza,Springfield,Illinois,62703-5407,-89.614917,39.729862,Master's Colleges and Universities (larger programs),www.uis.edu
10,239080,Marian University,45 S National Ave,Fond Du Lac,Wisconsin,54935-4699,-88.420638,43.777411,Master's Colleges and Universities (larger programs),www.marianuniversity.edu
11,377564,University of Washington-Tacoma Campus,1900 Commerce St,Tacoma,Washington,98402-3100,-122.437499,47.244967,Master's Colleges and Universities (medium programs),www.tacoma.uw.edu/
12,149781,Wheaton College,501 College Ave,Wheaton,Illinois,60187-5593,-88.09681,41.870943,Baccalaureate Colleges--Arts & Sciences,www.wheaton.edu
13,157793,Sullivan University,3101 Bardstown Rd,Louisville,Kentucky,40205-3013,-85.670489,38.212824,Master's Colleges and Universities (medium programs),www.sullivan.edu
14,110644,University of California-Davis,One Shields Avenue,Davis,California,95616-8678,-121.751958,38.539895,Research Universities (very high research activity),www.ucdavis.edu
15,178402,University of Missouri-Kansas City,5100 Rockhill Rd,Kansas City,Missouri,64110,-94.578039,39.035366,Research Universities (high research activity),www.umkc.edu/
16,185828,New Jersey Institute of Technology,University Heights,Newark,New Jersey,7102,-74.177113,40.741997,Research Universities (high research activity),www.njit.edu/
17,186371,Rutgers University-Camden,406 Penn,Camden,New Jersey,8102,-75.125303,39.948628,Master's Colleges and Universities (medium programs),www.rutgers.edu
18,196079,SUNY at Binghamton,4400 Vestal Parkway East,Vestal,New York,13850-6000,-75.971143,42.088049,Research Universities (high research activity),www.binghamton.edu
19,172699,Western Michigan University,1903 West Michigan Avenue,Kalamazoo,Michigan,49008-5200,-85.61512,42.282589,Research Universities (high research activity),www.wmich.edu
20,162928,Johns Hopkins University,"3400 N Charles St, Mason Hall",Baltimore,Maryland,21218-2688,-76.620799,39.32838,Research Universities (very high research activity),www.jhu.edu
21,161554,University of Southern Maine,96 Falmouth St,Portland,Maine,4103,-70.276002,43.662637,Master's Colleges and Universities (larger programs),www.usm.maine.edu
22,197610,Yeshivat Mikdash Melech,1326 Ocean Pky,Brooklyn,New York,11230-9963,-73.969614,40.616427,"Theological seminaries, Bible colleges, and other faith-related institutions",www.mikdashmelech.net/
23,194824,Rensselaer Polytechnic Institute,110 8th St,Troy,New York,12180-3590,-73.678768,42.728983,Research Universities (very high research activity),www.rpi.edu
24,200332,North Dakota State University-Main Campus,1301  12th Avenue North,Fargo,North Dakota,58108-6050,-96.805689,46.894523,Research Universities (very high research activity),www.ndsu.edu
25,197708,Yeshiva University,500 W 185th St,New York,New York,10033-3299,-73.928541,40.8508,Research Universities (very high research activity),www.yu.edu
26,218663,University of South Carolina-Columbia,Columbia-Campus,Columbia,South Carolina,29208,-81.026971,33.998973,Research Universities (very high research activity),www.sc.edu/
27,148584,University of St Francis,500 N Wilcox St,Joliet,Illinois,60435-6188,-88.096368,41.533341,Master's Colleges and Universities (larger programs),www.stfrancis.edu
28,201885,University of Cincinnati-Main Campus,2624 Clifton Avenue,Cincinnati,Ohio,45221-0063,-84.51428,39.131159,Research Universities (very high research activity),www.uc.edu
29,136950,Rollins College,1000 Holt Avenue,Winter Park,Florida,32789-4499,-81.348716,28.591992,Master's Colleges and Universities (larger programs),www.rollins.edu
30,193654,The New School,66 W 12th Street,New York,New York,10011-8603,-73.994636,40.735275,Doctoral/Research Universities,www.newschool.edu/
31,419457,Argosy University-Washington DC,"1550 Wilson Boulevard, Suite 600",Arlington,Virginia,22209,-77.075927,38.894272,Other health professions schools,www.argosy.edu/washingtondc
32,172699,Western Michigan University,1903 West Michigan Avenue,Kalamazoo,Michigan,49008-5200,-85.61512,42.282589,Research Universities (high research activity),www.wmich.edu
33,110653,University of California-Irvine,501 Aldrich Hall,Irvine,California,92697,-117.841248,33.648434,Research Universities (very high research activity),www.uci.edu/
34,208488,Concordia University-Portland,2811 NE Holman Street,Portland,Oregon,97211-6099,-122.637944,45.568242,Master's Colleges and Universities (larger programs),www.cu-portland.edu
35,218663,University of South Carolina-Columbia,Columbia-Campus,Columbia,South Carolina,29208,-81.026971,33.998973,Research Universities (very high research activity),www.sc.edu/
36,151324,Indiana State University,210 N 7th St,Terre Haute,Indiana,47809,-87.407085,39.46873,Doctoral/Research Universities,www.indstate.edu
37,449870,University of the West,1409 N Walnut Grove Ave,Rosemead,California,91770,-118.082964,34.045985,Baccalaureate Colleges--Diverse Fields,www.uwest.edu
38,189273,Beth Hamedrash Shaarei Yosher Institute,record['university']['address'],Brooklyn,New York,11204,-73.981088,40.635503,"Theological seminaries, Bible colleges, and other faith-related institutions",N/A
39,110680,University of California-San Diego,9500 Gilman Dr,La Jolla,California,92093,-117.237793,32.876598,Research Universities (very high research activity),www.ucsd.edu
40,442222,Argosy University-Dallas,"5001 Lyndon B. Johnson Freeway, Heritage Square, Suite 230",Farmers Branch,Texas,75244,-96.823046,32.926742,Other health professions schools,www.argosy.edu/dallas/
41,213011,Immaculata University,1145 King Rd,Immaculata,Pennsylvania,19345-0702,-75.57063,40.027963,Doctoral/Research Universities,www.immaculata.edu
42,225247,Hardin-Simmons University,2200 Hickory,Abilene,Texas,79698-0001,-99.733815,32.476786,Master's Colleges and Universities (medium programs),www.hsutx.edu
43,180416,Montana Tech of the University of Montana,1300 W Park St,Butte,Montana,59701-8997,-112.557,46.012164,Baccalaureate Colleges--Diverse Fields,www.mtech.edu
44,447272,Argosy University-Los Angeles,"5230 Pacific Concourse, Suite 200",Los Angeles,California,90045,-118.373038,33.927857,Baccalaureate Colleges--Arts & Sciences,www.argosy.edu/los-angeles-california/default.aspx
45,110778,Sofia University,1069 East Meadow Cr,Palo Alto,California,94303,-122.10866,37.430325,Other health professions schools,www.sofia.edu
46,164739,Bentley University,175 Forest St,Waltham,Massachusetts,02452-4705,-71.220148,42.388798,Master's Colleges and Universities (larger programs),www.bentley.edu
47,232557,Liberty University,1971 University Blvd,Lynchburg,Virginia,24515,-79.179688,37.350345,Master's Colleges and Universities (larger programs),www.liberty.edu
48,450535,Argosy University-Nashville,"100 Centerview Dr, Suite 225",Nashville,Tennessee,37214,-86.634674,36.154664,Other health professions schools,www.argosy.edu/nashville/
49,152080,University of Notre Dame,400 Main Building,Notre Dame,Indiana,46556,-86.238959,41.703058,Research Universities (very high research activity),www.nd.edu
50,141574,University of Hawaii at Manoa,"2500 Campus Road, Hawaii Hall",Honolulu,Hawaii,96822-2217,-157.816607,21.292648,Research Universities (very high research activity),manoa.hawaii.edu
51,189273,Beth Hamedrash Shaarei Yosher Institute,record['university']['address'],Brooklyn,New York,11204,-73.981088,40.635503,"Theological seminaries, Bible colleges, and other faith-related institutions",N/A
52,149781,Wheaton College,501 College Ave,Wheaton,Illinois,60187-5593,-88.09681,41.870943,Baccalaureate Colleges--Arts & Sciences,www.wheaton.edu
53,199148,University of North Carolina at Greensboro,1400 Spring Garden St,Greensboro,North Carolina,27402-6170,-79.809844,36.067503,Research Universities (high research activity),www.uncg.edu
54,217484,University of Rhode Island,"Green Hall, 35 Campus Avenue",Kingston,Rhode Island,2881,-71.527356,41.484691,Research Universities (high research activity),www.uri.edu/
55,147767,Northwestern University,633 Clark St,Evanston,Illinois,60208,-87.673653,42.058377,Research Universities (very high research activity),www.northwestern.edu
56,120698,Palo Alto University,1791 Arastradero Rd,Palo Alto,California,94304-1337,-122.186022,37.383251,Other health professions schools,www.paloaltou.edu
57,185590,Montclair State University,1 Normal Avenue,Montclair,New Jersey,07043-1624,-74.199455,40.859233,Master's Colleges and Universities (larger programs),www.montclair.edu
58,167835,Smith College,Elm St,Northampton,Massachusetts,1063,-72.638094,42.317933,Baccalaureate Colleges--Arts & Sciences,www.smith.edu
59,125231,Walden University,"100 Washington Avenue South, Suite 900",Minneapolis,Minnesota,55401,-93.265731,44.98137,Doctoral/Research Universities,www.waldenu.edu
60,153269,Drake University,2507 University Avenue,Des Moines,Iowa,50311-4505,-93.654062,41.60381,Master's Colleges and Universities (larger programs),www.drake.edu
61,131520,Howard University,2400 Sixth St NW,Washington,District of Columbia,20059-0001,-77.019478,38.920739,Research Universities (high research activity),www.howard.edu
62,131450,Gallaudet University,"800 Florida Ave, NE",Washington,District of Columbia,20002-3695,-76.993675,38.907371,Master's Colleges and Universities (smaller programs),www.gallaudet.edu
63,110592,California State University-Los Angeles,5151 State University Dr,Los Angeles,California,90032,-118.168965,34.066927,Master's Colleges and Universities (larger programs),www.calstatela.edu
64,420325,Yeshiva D'monsey Rabbinical College,record['university']['address'],Monsey,New York,10952,-74.065944,41.115776,"Theological seminaries, Bible colleges, and other faith-related institutions",N/A
65,135726,University of Miami,University of Miami,Coral Gables,Florida,33146,-80.27645,25.720406,Research Universities (very high research activity),www.miami.edu/
66,184348,Drew University,36 Madison Ave,Madison,New Jersey,7940,-74.425825,40.757026,Baccalaureate Colleges--Arts & Sciences,www.drew.edu
67,141264,Valdosta State University,1500 N Patterson St,Valdosta,Georgia,31698,-83.289925,30.849236,Master's Colleges and Universities (larger programs),www.valdosta.edu
68,130794,Yale University,Woodbridge Hall,New Haven,Connecticut,6520,-72.926688,41.311158,Research Universities (very high research activity),www.yale.edu
69,166629,University of Massachusetts-Amherst,374 Whitmore Building 181 Presidents Drive,Amherst,Massachusetts,1003,-72.52613,42.386105,Research Universities (very high research activity),www.umass.edu
70,221847,Tennessee Technological University,1 William L. Jones Drive,Cookeville,Tennessee,38505-0001,-85.503957,36.174659,Master's Colleges and Universities (larger programs),www.tntech.edu
71,131496,Georgetown University,37th and O St NW,Washington,District of Columbia,20057-0001,-77.073463,38.908809,Research Universities (very high research activity),www.georgetown.edu
72,110468,Alliant International University-San Diego,10455 Pomerado Road,San Diego,California,92131,-117.094398,32.897056,Doctoral/Research Universities,www.alliant.edu
73,126580,University of Colorado Colorado Springs,1420 Austin Bluffs Parkway,Colorado Springs,Colorado,80918,-104.800296,38.892735,Master's Colleges and Universities (larger programs),www.uccs.edu
74,157757,Spalding University,901 S Fourth Street,Louisville,Kentucky,40203-2188,-85.75905,38.241815,Doctoral/Research Universities,www.spalding.edu
75,121150,Pepperdine University,24255 Pacific Coast Hwy,Malibu,California,90263,-118.707677,34.041912,Doctoral/Research Universities,www.pepperdine.edu/
76,238032,West Virginia University,"Stewart Hall, 1500 University Avenue",Morgantown,West Virginia,26506-6201,-79.953926,39.63468,Research Universities (high research activity),www.wvu.edu/
77,180461,Montana State University,Montana State University,Bozeman,Montana,59717,-111.049918,45.666829,Research Universities (very high research activity),www.montana.edu/
78,167987,University of Massachusetts-Dartmouth,285 Old Westport Rd,North Dartmouth,Massachusetts,02747-2300,-71.005528,41.628861,Master's Colleges and Universities (larger programs),www.umassd.edu
79,228644,The University of Texas Health Science Center at San Antonio,7703 Floyd Curl Dr,San Antonio,Texas,78229-3900,-98.57606,29.504716,Medical schools and medical centers,www.uthscsa.edu
80,128425,Yeshiva Toras Chaim Talmudical Seminary,record['university']['address'],Denver,Colorado,80204,-105.043282,39.741781,"Theological seminaries, Bible colleges, and other faith-related institutions",N/A
81,214713,Pennsylvania State University-Penn State Harrisburg,777 West Harrisburg Pike,Middletown,Pennsylvania,17057,-76.741961,40.205234,Master's Colleges and Universities (larger programs),hbg.psu.edu/
82,437097,University of Management and Technology,"1901 Fort Myer Drive, Suite 700",Arlington,Virginia,22209-1609,-77.072001,38.89742,"Not applicable, not in Carnegie universe (not accredited or nondegree-granting)",www.umtweb.edu
83,102094,University of South Alabama,307 N University Blvd,Mobile,Alabama,36688-0002,-88.18189,30.695081,Research Universities (high research activity),www.southalabama.edu
84,169248,Central Michigan University,106 Warriner Hall,Mount Pleasant,Michigan,48859,-84.775275,43.591137,Doctoral/Research Universities,www.cmich.edu
85,450933,Columbia Southern University,21982 University Lane,Orange Beach,Alabama,36561-9000,-87.652505,30.330964,Master's Colleges and Universities (larger programs),www.columbiasouthern.edu
86,135364,Luther Rice University & Seminary,3038 Evans Mill Rd,Lithonia,Georgia,30038-9869,-84.123648,33.697984,"Theological seminaries, Bible colleges, and other faith-related institutions",www.LRU.edu
87,232265,Hampton University,E Queen Street,Hampton,Virginia,23668-0099,-76.337647,37.022084,Master's Colleges and Universities (medium programs),www.hamptonu.edu
88,196097,Stony Brook University,310 Administration Building,Stony Brook,New York,11794,-73.123595,40.913138,Research Universities (very high research activity),www.stonybrook.edu
89,228459,Texas State University,601 University Dr,San Marcos,Texas,78666,-97.936392,29.889202,Master's Colleges and Universities (larger programs),www.txstate.edu
90,110653,University of California-Irvine,501 Aldrich Hall,Irvine,California,92697,-117.841248,33.648434,Research Universities (very high research activity),www.uci.edu/
91,130794,Yale University,Woodbridge Hall,New Haven,Connecticut,6520,-72.926688,41.311158,Research Universities (very high research activity),www.yale.edu
92,175272,Winona State University,175 West Mark Street,Winona,Minnesota,55987-5838,-91.644007,44.045586,Master's Colleges and Universities (medium programs),www.winona.edu
93,169798,Eastern Michigan University,202 Welch Hall,Ypsilanti,Michigan,48197,-83.624499,42.245751,Master's Colleges and Universities (larger programs),www.emich.edu
94,148584,University of St Francis,500 N Wilcox St,Joliet,Illinois,60435-6188,-88.096368,41.533341,Master's Colleges and Universities (larger programs),www.stfrancis.edu
95,195809,St John's University-New York,8000 Utopia Pky,Queens,New York,11439,-73.795301,40.721979,Doctoral/Research Universities,www.stjohns.edu
96,206279,Union Institute & University,440 E McMillan St,Cincinnati,Ohio,45206-1925,-84.500139,39.126856,Doctoral/Research Universities,www.myunion.edu
97,141334,University of West Georgia,1601 Maple St,Carrollton,Georgia,30118-0001,-85.099007,33.574421,Master's Colleges and Universities (larger programs),www.westga.edu
98,227216,University of North Texas,1501 W.Chestnut Ave.,Denton,Texas,76203-1277,-97.151211,33.210958,Research Universities (high research activity),www.unt.edu
99,199315,Piedmont International University,420 S. Broad St.,Winston Salem,North Carolina,27101-5025,-80.249121,36.088839,"Theological seminaries, Bible colleges, and other faith-related institutions",www.piedmontu.edu
100,230728,Utah State University,Old Main Hill,Logan,Utah,84322-1400,-111.81391,41.740748,Research Universities (high research activity),www.usu.edu
101,138354,The University of West Florida,11000 University Parkway,Pensacola,Florida,32514-5750,-87.218125,30.542855,Doctoral/Research Universities,uwf.edu
102,102094,University of South Alabama,307 N University Blvd,Mobile,Alabama,36688-0002,-88.18189,30.695081,Research Universities (high research activity),www.southalabama.edu
103,184348,Drew University,36 Madison Ave,Madison,New Jersey,7940,-74.425825,40.757026,Baccalaureate Colleges--Arts & Sciences,www.drew.edu
104,221856,Tennessee Temple University,1815 Union Ave,Chattanooga,Tennessee,37404,-85.27742,35.032456,"Theological seminaries, Bible colleges, and other faith-related institutions",www.tntemple.edu
105,167358,Northeastern University,360 Huntington Ave,Boston,Massachusetts,02115-5005,-71.088782,42.339992,Research Universities (high research activity),www.northeastern.edu
106,211024,Baptist Bible College & Seminary of Pennsylvania,538 Venard Rd,Clarks Summit,Pennsylvania,18411-1250,-75.683551,41.496219,"Theological seminaries, Bible colleges, and other faith-related institutions",www.bbc.edu
107,433660,Florida Gulf Coast University,10501 Fgcu Blvd S,Fort Myers,Florida,33965-6565,-81.773578,26.464262,Master's Colleges and Universities (larger programs),www.fgcu.edu
108,234155,Virginia State University,1 Hayden Drive,Petersburg,Virginia,23806,-77.419886,37.236453,Master's Colleges and Universities (smaller programs),www.vsu.edu
109,133951,Florida International University,11200 S. W. 8 Street,Miami,Florida,33199,-80.377591,25.757111,Research Universities (high research activity),www.fiu.edu
110,153269,Drake University,2507 University Avenue,Des Moines,Iowa,50311-4505,-93.654062,41.60381,Master's Colleges and Universities (larger programs),www.drake.edu
111,236939,Washington State University,French Administration Building,Pullman,Washington,99164-5910,-117.158168,46.730448,Research Universities (very high research activity),wsu.edu/
112,217633,Anderson University,316 Boulevard,Anderson,South Carolina,29621-4035,-82.640205,34.515506,Baccalaureate Colleges--Diverse Fields,www.andersonuniversity.edu
113,183910,Caldwell University,120 Bloomfield Avenue,Caldwell,New Jersey,07006-6195,-74.273697,40.834285,Master's Colleges and Universities (medium programs),www.caldwell.edu
114,198543,Fayetteville State University,1200 Murchison Rd,Fayetteville,North Carolina,28301-4298,-78.894709,35.072485,Master's Colleges and Universities (medium programs),www.uncfsu.edu
115,232265,Hampton University,E Queen Street,Hampton,Virginia,23668-0099,-76.337647,37.022084,Master's Colleges and Universities (medium programs),www.hamptonu.edu
116,156541,University of the Cumberlands,6191 College Station Drive,Williamsburg,Kentucky,40769,-84.162375,36.736489,Master's Colleges and Universities (medium programs),www.ucumberlands.edu
117,226152,Texas A & M International University,5201 University Blvd,Laredo,Texas,78041-1900,-99.435225,27.573504,Master's Colleges and Universities (larger programs),tamiu.edu
118,213011,Immaculata University,1145 King Rd,Immaculata,Pennsylvania,19345-0702,-75.57063,40.027963,Doctoral/Research Universities,www.immaculata.edu
119,133951,Florida International University,11200 S. W. 8 Street,Miami,Florida,33199,-80.377591,25.757111,Research Universities (high research activity),www.fiu.edu
120,180461,Montana State University,Montana State University,Bozeman,Montana,59717,-111.049918,45.666829,Research Universities (very high research activity),www.montana.edu/
121,100690,Amridge University,1200 Taylor Rd,Montgomery,Alabama,36117-3553,-86.17401,32.362609,Baccalaureate Colleges--Arts & Sciences,www.amridgeuniversity.edu
122,426314,Embry-Riddle Aeronautical University-Worldwide,600 S. Clyde Morris Blvd.,Daytona Beach,Florida,32114-3900,-81.04951,29.18927,Other technology-related schools,www.erau.edu
123,174233,University of Minnesota-Duluth,515 Darland Administration Bldg,Duluth,Minnesota,55812,-92.085177,46.818896,Master's Colleges and Universities (medium programs),www.d.umn.edu/
124,115083,Golden Gate University-San Francisco,536 Mission Street,San Francisco,California,94105-2968,-122.398785,37.789208,Master's Colleges and Universities (larger programs),www.ggu.edu
125,110671,University of California-Riverside,900 University Ave,Riverside,California,92521,-117.331098,33.97588,Research Universities (very high research activity),WWW.UCR.EDU
126,106245,University of Arkansas at Little Rock,2801 S University Ave,Little Rock,Arkansas,72204,-92.341835,34.726644,Doctoral/Research Universities,ualr.edu/www/
127,212832,Gwynedd Mercy University,1325 Sumneytown Pike,Gwynedd Valley,Pennsylvania,19437-0901,-75.238052,40.197566,Master's Colleges and Universities (medium programs),www.gmercyu.edu/
128,147828,Olivet Nazarene University,One University Avenue,Bourbonnais,Illinois,60914-2271,-87.873654,41.155489,Master's Colleges and Universities (larger programs),www.olivet.edu
129,110671,University of California-Riverside,900 University Ave,Riverside,California,92521,-117.331098,33.97588,Research Universities (very high research activity),WWW.UCR.EDU
130,229160,Texas Wesleyan University,1201 Wesleyan St,Fort Worth,Texas,76105-1536,-97.279631,32.733314,Master's Colleges and Universities (larger programs),www.txwes.edu
131,147013,McKendree University,701 College Rd,Lebanon,Illinois,62254-1291,-89.814486,38.609431,Master's Colleges and Universities (larger programs),www.mckendree.edu/prospective/admissions/index.aspx
132,241331,Carlos Albizu University-San Juan,"151 Tanca St, Corner San Francisco St, Old San Juan",San Juan,Puerto Rico,00902-3711,-66.114273,18.466435,Other health professions schools,www.albizu.edu
133,219976,Lipscomb University,One University Park Drive,Nashville,Tennessee,37204-3951,-86.799304,36.10469,Master's Colleges and Universities (larger programs),www.lipscomb.edu
134,420866,Argosy University-Schaumburg,"999 North Plaza Dr., Suite 111",Schaumburg,Illinois,60173-5403,-88.042083,42.046739,Other health professions schools,www.argosy.edu/schaumburg
135,224323,University of Dallas,1845 E Northgate Drive,Irving,Texas,75062-4736,-96.921573,32.846202,Master's Colleges and Universities (larger programs),www.udallas.edu
136,221838,Tennessee State University,3500 John A. Merritt Blvd,Nashville,Tennessee,37209-1561,-86.82937,36.16899,Doctoral/Research Universities,www.tnstate.edu
137,209807,Portland State University,724 SW Harrison,Portland,Oregon,97201,-122.683553,45.511229,Research Universities (high research activity),www.pdx.edu
138,132471,Barry University,11300 NE 2nd Ave,Miami,Florida,33161-6695,-80.196136,25.878865,Doctoral/Research Universities,www.barry.edu
139,445188,University of California-Merced,5200 North Lake Road,Merced,California,95343-5603,-120.424944,37.366237,"Not applicable, not in Carnegie universe (not accredited or nondegree-granting)",www.ucmerced.edu
140,182290,University of Nevada-Reno,North Virginia Street,Reno,Nevada,89557,-119.821651,39.549352,Research Universities (high research activity),www.unr.edu/
141,198419,Duke University,103 Allen Bldg,Durham,North Carolina,27708,-78.94226,36.00159,Research Universities (very high research activity),WWW.DUKE.EDU
142,229814,West Texas A & M University,2501 4th Ave,Canyon,Texas,79016-0001,-101.9158,34.981996,Master's Colleges and Universities (larger programs),www.wtamu.edu
143,193247,Mirrer Yeshiva Cent Institute,record['university']['address'],Brooklyn,New York,11223-2010,-73.966049,40.605043,"Theological seminaries, Bible colleges, and other faith-related institutions",N/A
144,190044,Clarkson University,8 Clarkson Ave,Potsdam,New York,13699,-74.999947,44.663761,Research Universities (high research activity),www.clarkson.edu
145,148511,Rush University,600 S. Paulina St. STE 440,Chicago,Illinois,60612,-87.667498,41.874911,Medical schools and medical centers,WWW.RUSHU.RUSH.EDU
146,450979,Trident University International,"5757 Plaza Drive, Suite 100",Cypress,California,90630-5041,-118.034759,33.805244,Doctoral/Research Universities,www.trident.edu/
147,238661,Edgewood College,1000 Edgewood College Drive,Madison,Wisconsin,53711-1997,-89.422122,43.058727,Doctoral/Research Universities,www.edgewood.edu
148,141334,University of West Georgia,1601 Maple St,Carrollton,Georgia,30118-0001,-85.099007,33.574421,Master's Colleges and Universities (larger programs),www.westga.edu
149,193070,Mesivtha Tifereth Jerusalem of America,record['university']['address'],New York,New York,10002-6301,-73.991271,40.713812,"Theological seminaries, Bible colleges, and other faith-related institutions",N/A
150,480781,California Miramar University,"9750 Miramar Road, Suite 180",San Diego,California,92126,-117.119351,32.89422,"Not applicable, not in Carnegie universe (not accredited or nondegree-granting)",www.calmu.edu
151,164447,American International College,1000 State Street,Springfield,Massachusetts,1109,-72.558507,42.112708,Master's Colleges and Universities (larger programs),www.aic.edu
152,240727,University of Wyoming,Corner of Ninth and Ivinson,Laramie,Wyoming,82071,-105.57204,41.311943,Research Universities (high research activity),www.uwyo.edu
153,240453,University of Wisconsin-Milwaukee,2200 E Kenwood Blvd,Milwaukee,Wisconsin,53201-0413,-87.880488,43.076848,Research Universities (high research activity),www.uwm.edu
154,450535,Argosy University-Nashville,"100 Centerview Dr, Suite 225",Nashville,Tennessee,37214,-86.634674,36.154664,Other health professions schools,www.argosy.edu/nashville/
155,225414,University of Houston-Clear Lake,2700 Bay Area Blvd,Houston,Texas,77058-1002,-95.098129,29.582523,Master's Colleges and Universities (larger programs),prtl.uhcl.edu/portal/page/portal/HOMEPAGE
156,142115,Boise State University,1910 University Dr,Boise,Idaho,83725,-116.205789,43.604403,Master's Colleges and Universities (larger programs),www.boisestate.edu
157,216597,Villanova University,800 Lancaster Avenue,Villanova,Pennsylvania,19085-1699,-75.345457,40.039388,Master's Colleges and Universities (larger programs),www.villanova.edu
158,227368,The University of Texas-Pan American,1201 W University Dr,Edinburg,Texas,78539-2999,-98.172112,26.306629,Master's Colleges and Universities (larger programs),www.utpa.edu
159,122931,Santa Clara University,500 El Camino Real,Santa Clara,California,95053,-121.938189,37.352706,Master's Colleges and Universities (larger programs),www.scu.edu
160,232423,James Madison University,800 South Main Street,Harrisonburg,Virginia,22807,-78.871663,38.435332,Master's Colleges and Universities (larger programs),www.jmu.edu/
161,131159,American University,4400 Massachusetts Ave NW,Washington,District of Columbia,20016-8001,-77.090106,38.937802,Doctoral/Research Universities,WWW.AMERICAN.EDU
162,163578,Notre Dame of Maryland University,4701 N Charles St,Baltimore,Maryland,21210-2476,-76.619701,39.351307,Master's Colleges and Universities (larger programs),www.ndm.edu
163,110778,Sofia University,1069 East Meadow Cr,Palo Alto,California,94303,-122.10866,37.430325,Other health professions schools,www.sofia.edu
164,175856,Jackson State University,1440 J R Lynch Street,Jackson,Mississippi,39217,-90.20663,32.296781,Research Universities (high research activity),www.jsums.edu
165,170286,Hillsdale College,33 E College St,Hillsdale,Michigan,49242,-84.632691,41.931418,"Not applicable, not in Carnegie universe (not accredited or nondegree-granting)",www.hillsdale.edu
166,132842,Carlos Albizu University-Miami,2173 N.W.  99th Avenue,Miami,Florida,33172-2209,-80.355002,25.795162,Master's Colleges and Universities (medium programs),www.albizu.edu
167,148496,Dominican University,7900 W Division Street,River Forest,Illinois,60305,-87.821872,41.902834,Master's Colleges and Universities (larger programs),www.dom.edu/
168,145770,Argosy University-Chicago,"225 N. Michigan Ave, Ste 1300",Chicago,Illinois,60601,-87.623772,41.886006,Doctoral/Research Universities,www.argosy.edu/chicago
169,206604,Wright State University-Main Campus,3640 Colonel Glenn Highway,Dayton,Ohio,45435-0001,-84.064881,39.780634,Research Universities (high research activity),www.wright.edu
170,134130,University of Florida,N/A,Gainesville,Florida,32611,-82.361195,29.638248,Research Universities (very high research activity),www.ufl.edu/
171,207582,Oral Roberts University,7777 S Lewis Ave.,Tulsa,Oklahoma,74171,-95.954215,36.050705,Master's Colleges and Universities (smaller programs),oru.edu
172,215062,University of Pennsylvania,34th & Spruce Street,Philadelphia,Pennsylvania,19104-6303,-75.193618,39.951002,Research Universities (very high research activity),www.upenn.edu
173,131520,Howard University,2400 Sixth St NW,Washington,District of Columbia,20059-0001,-77.019478,38.920739,Research Universities (high research activity),www.howard.edu
174,234076,University of Virginia-Main Campus,1827 University Avenue,Charlottesville,Virginia,22903-2628,-78.502599,38.036546,Research Universities (very high research activity),www.virginia.edu/
175,100706,University of Alabama in Huntsville,301 Sparkman Dr,Huntsville,Alabama,35899,-86.63842,34.722818,Research Universities (very high research activity),www.uah.edu
176,420866,Argosy University-Schaumburg,"999 North Plaza Dr., Suite 111",Schaumburg,Illinois,60173-5403,-88.042083,42.046739,Other health professions schools,www.argosy.edu/schaumburg
177,206695,Youngstown State University,One University Plaza,Youngstown,Ohio,44555-0001,-80.646515,41.105583,Master's Colleges and Universities (larger programs),www.ysu.edu
178,234915,City University of Seattle,"521 Wall Street, Suite 100",Seattle,Washington,98121,-122.344331,47.61734,Master's Colleges and Universities (larger programs),www.cityu.edu
179,186371,Rutgers University-Camden,406 Penn,Camden,New Jersey,8102,-75.125303,39.948628,Master's Colleges and Universities (medium programs),www.rutgers.edu
180,242653,Inter American University of Puerto Rico-Metro,Highway #1 Km 16 3 Corner Francisco Sein St,San Juan,Puerto Rico,919,-66.05546,18.376587,Doctoral/Research Universities,www.metro.inter.edu/index.asp
181,209807,Portland State University,724 SW Harrison,Portland,Oregon,97201,-122.683553,45.511229,Research Universities (high research activity),www.pdx.edu
182,196079,SUNY at Binghamton,4400 Vestal Parkway East,Vestal,New York,13850-6000,-75.971143,42.088049,Research Universities (high research activity),www.binghamton.edu
183,131520,Howard University,2400 Sixth St NW,Washington,District of Columbia,20059-0001,-77.019478,38.920739,Research Universities (high research activity),www.howard.edu
184,148487,Roosevelt University,430 S Michigan Ave,Chicago,Illinois,60605-1394,-87.624952,41.876055,Master's Colleges and Universities (larger programs),www.roosevelt.edu
185,102553,University of Alaska Anchorage,3211 Providence Drive,Anchorage,Alaska,99508,-149.826135,61.189554,Master's Colleges and Universities (larger programs),www.uaa.alaska.edu
186,206084,University of Toledo,2801 W Bancroft,Toledo,Ohio,43606-3390,-83.615225,41.65795,Research Universities (high research activity),www.utoledo.edu/
187,126827,Colorado Technical University-Colorado Springs,4435 N Chestnut Street,Colorado Springs,Colorado,80907-3812,-104.833928,38.894265,Doctoral/Research Universities,www.coloradotech.edu/Colorado-Springs
188,127060,University of Denver,2199 S. University Blvd,Denver,Colorado,80208,-104.964625,39.695954,Research Universities (high research activity),www.du.edu
189,165015,Brandeis University,415 South St,Waltham,Massachusetts,02454-9110,-71.254716,42.364947,Research Universities (very high research activity),www.brandeis.edu/
190,159647,Louisiana Tech University,305 Wisteria,Ruston,Louisiana,71272,-92.64964,32.525518,Research Universities (high research activity),www.latech.edu
191,192749,Manhattanville College,2900 Purchase St,Purchase,New York,10577,-73.718316,41.031054,Master's Colleges and Universities (larger programs),www.manhattanville.edu
192,178396,University of Missouri-Columbia,105 Jesse Hall,Columbia,Missouri,65211,-92.326429,38.941015,Research Universities (very high research activity),missouri.edu/
193,128771,Central Connecticut State University,1615 Stanley St,New Britain,Connecticut,6050,-72.770094,41.690258,Master's Colleges and Universities (larger programs),www.ccsu.edu
194,447272,Argosy University-Los Angeles,"5230 Pacific Concourse, Suite 200",Los Angeles,California,90045,-118.373038,33.927857,Baccalaureate Colleges--Arts & Sciences,www.argosy.edu/los-angeles-california/default.aspx
195,152099,Oakland City University,138 N Lucretia St,Oakland City,Indiana,47660-1099,-87.351611,38.339606,Master's Colleges and Universities (medium programs),www.oak.edu
196,213826,Marywood University,2300 Adams Ave,Scranton,Pennsylvania,18509-1598,-75.633996,41.434978,Master's Colleges and Universities (larger programs),www.marywood.edu/
197,219082,Dakota State University,820 N Washington Ave,Madison,South Dakota,57042-1799,-97.109609,44.0127,Master's Colleges and Universities (smaller programs),www.dsu.edu
198,221838,Tennessee State University,3500 John A. Merritt Blvd,Nashville,Tennessee,37209-1561,-86.82937,36.16899,Doctoral/Research Universities,www.tnstate.edu
199,167057,The New England Conservatory of Music,290 Huntington Ave,Boston,Massachusetts,02115-5018,-71.086321,42.340998,"Schools of art, music, and design",necmusic.edu
200,216694,Waynesburg University,51 W College St,Waynesburg,Pennsylvania,15370-1257,-80.18727,39.899419,Master's Colleges and Universities (larger programs),www.waynesburg.edu
201,174783,Saint Cloud State University,720 Fourth Ave. South,Saint Cloud,Minnesota,56301-4498,-94.153,45.552418,Master's Colleges and Universities (larger programs),www.stcloudstate.edu
202,180461,Montana State University,Montana State University,Bozeman,Montana,59717,-111.049918,45.666829,Research Universities (very high research activity),www.montana.edu/
203,101189,Faulkner University,5345 Atlanta Hwy,Montgomery,Alabama,36109-3390,-86.21641,32.384181,Baccalaureate Colleges--Diverse Fields,www.faulkner.edu
204,238430,Cardinal Stritch University,6801 N Yates Rd,Milwaukee,Wisconsin,53217-3985,-87.909045,43.139752,Doctoral/Research Universities,www.stritch.edu
205,111948,Chapman University,One University Dr.,Orange,California,92866,-117.851481,33.793678,Master's Colleges and Universities (larger programs),www.chapman.edu
206,209612,Pacific University,2043 College Way,Forest Grove,Oregon,97116,-123.108777,45.521394,Master's Colleges and Universities (larger programs),www.pacificu.edu
207,102049,Samford University,800 Lakeshore Drive,Birmingham,Alabama,35229-2240,-86.790932,33.464578,Master's Colleges and Universities (medium programs),www.samford.edu
208,197735,Yeshivath Viznitz,record['university']['address'],Monsey,New York,10952,-74.066431,41.118499,"Theological seminaries, Bible colleges, and other faith-related institutions",N/A
209,178208,Midwestern Baptist Theological Seminary,5001 N. Oak Trafficway,Kansas City,Missouri,64118-4697,-94.573185,39.185691,"Theological seminaries, Bible colleges, and other faith-related institutions",https://www.mbts.edu
210,220075,East Tennessee State University,1276 Gilbreath Drive,Johnson City,Tennessee,37614,-82.367984,36.304416,Doctoral/Research Universities,www.etsu.edu
211,215132,University of the Sciences,600 South 43rd Street,Philadelphia,Pennsylvania,19104-4495,-75.208241,39.946552,Other health professions schools,www.usciences.edu
212,483124,Arizona State University-Skysong,1475 N Scottsdale Road - Ste 200,Scottsdale,Arizona,85257,-111.924051,33.46268,"Not applicable, not in Carnegie universe (not accredited or nondegree-granting)",www.asu.edu/
213,224554,Texas A & M University-Commerce,2600 South Neal,Commerce,Texas,75429-3011,-95.906913,33.243814,Doctoral/Research Universities,www.tamuc.edu/
214,215293,University of Pittsburgh-Pittsburgh Campus,4200 Fifth Avenue,Pittsburgh,Pennsylvania,15260,-79.954692,40.444502,Research Universities (very high research activity),www.pitt.edu
215,437097,University of Management and Technology,"1901 Fort Myer Drive, Suite 700",Arlington,Virginia,22209-1609,-77.072001,38.89742,"Not applicable, not in Carnegie universe (not accredited or nondegree-granting)",www.umtweb.edu
216,142285,University of Idaho,875 Perimeter Drive,Moscow,Idaho,83844-2282,-117.024296,46.726894,Research Universities (high research activity),www.uidaho.edu
217,164988,Boston University,One Silber Way,Boston,Massachusetts,2215,-71.09984,42.349581,Research Universities (very high research activity),www.bu.edu
218,228459,Texas State University,601 University Dr,San Marcos,Texas,78666,-97.936392,29.889202,Master's Colleges and Universities (larger programs),www.txstate.edu
219,211273,Bryn Mawr College,101 N Merion Avenue,Bryn Mawr,Pennsylvania,19010,-75.314988,40.028541,Baccalaureate Colleges--Arts & Sciences,www.brynmawr.edu
220,228705,Texas A & M University-Kingsville,955 University Blvd,Kingsville,Texas,78363,-97.882342,27.524852,Doctoral/Research Universities,WWW.TAMUK.EDU
221,185828,New Jersey Institute of Technology,University Heights,Newark,New Jersey,7102,-74.177113,40.741997,Research Universities (high research activity),www.njit.edu/
222,139940,Georgia State University,33 gilmer st,Atlanta,Georgia,30303-3083,-84.38667,33.7527,Research Universities (very high research activity),www.gsu.edu
223,228149,St Mary's University,One Camino Santa Maria,San Antonio,Texas,78228,-98.564307,29.451793,Master's Colleges and Universities (larger programs),www.stmarytx.edu/
224,145813,Illinois State University,North and School Streets,Normal,Illinois,61790-1000,-88.99234,40.509724,Doctoral/Research Universities,illinoisstate.edu/
225,193070,Mesivtha Tifereth Jerusalem of America,record['university']['address'],New York,New York,10002-6301,-73.991271,40.713812,"Theological seminaries, Bible colleges, and other faith-related institutions",N/A
226,212106,Duquesne University,Administration Bldg 600 Forbes Ave,Pittsburgh,Pennsylvania,15282,-79.993046,40.437496,Research Universities (high research activity),www.duq.edu
227,157793,Sullivan University,3101 Bardstown Rd,Louisville,Kentucky,40205-3013,-85.670489,38.212824,Master's Colleges and Universities (medium programs),www.sullivan.edu
228,144050,University of Chicago,5801 S Ellis Ave,Chicago,Illinois,60637,-87.601196,41.78917,Research Universities (very high research activity),WWW.UCHICAGO.EDU
229,166452,Lesley University,29 Everett St,Cambridge,Massachusetts,02138-2790,-71.115601,42.378429,Master's Colleges and Universities (larger programs),www.lesley.edu
230,204857,Ohio University-Main Campus,020 Chubb Hall,Athens,Ohio,45701-2979,-82.101064,39.326799,Research Universities (high research activity),www.ohio.edu
231,132903,University of Central Florida,4000 Central Florida Blvd,Orlando,Florida,32816,-81.198805,28.60106,Research Universities (very high research activity),www.ucf.edu/
232,139755,Georgia Institute of Technology-Main Campus,225 North Ave,Atlanta,Georgia,30332-0530,-84.396019,33.773732,Research Universities (very high research activity),www.gatech.edu
233,121983,Argosy University-San Francisco Bay Area,1005 Atlantic Avenue,Alameda,California,94501,-122.267523,37.781238,Other health professions schools,www.argosy.edu/sanfrancisco
234,234915,City University of Seattle,"521 Wall Street, Suite 100",Seattle,Washington,98121,-122.344331,47.61734,Master's Colleges and Universities (larger programs),www.cityu.edu
235,160621,Southern University and A & M College,"3rd Floor, J.S. Clark Adm. Building, P.O. Box 9374",Baton Rouge,Louisiana,70813,-91.196588,30.527133,Master's Colleges and Universities (larger programs),www.subr.edu
236,193900,New York University,70 Washington Sq South,New York,New York,10012-1091,-73.997264,40.729452,Research Universities (very high research activity),www.nyu.edu
237,100706,University of Alabama in Huntsville,301 Sparkman Dr,Huntsville,Alabama,35899,-86.63842,34.722818,Research Universities (very high research activity),www.uah.edu
238,219806,Carson-Newman University,1646 S Russell Ave,Jefferson City,Tennessee,37760,-83.492183,36.122224,Baccalaureate Colleges--Diverse Fields,www.cn.edu
239,199102,North Carolina A & T State University,1601 E Market  St,Greensboro,North Carolina,27411,-79.770152,36.076737,Doctoral/Research Universities,www.ncat.edu
240,141574,University of Hawaii at Manoa,"2500 Campus Road, Hawaii Hall",Honolulu,Hawaii,96822-2217,-157.816607,21.292648,Research Universities (very high research activity),manoa.hawaii.edu
241,196088,University at Buffalo,12 Capen Hall,Buffalo,New York,14260-1660,-78.790103,43.001433,Research Universities (very high research activity),www.buffalo.edu
242,219356,South Dakota State University,Administration Lane,Brookings,South Dakota,57007-1898,-96.783415,44.31942,Research Universities (high research activity),www.sdstate.edu/
243,135726,University of Miami,University of Miami,Coral Gables,Florida,33146,-80.27645,25.720406,Research Universities (very high research activity),www.miami.edu/
244,159373,Louisiana State University Health Sciences Center-New Orleans,433 Bolivar St,New Orleans,Louisiana,70112-2223,-90.083145,29.957272,Medical schools and medical centers,www.lsuhsc.edu
245,172608,Walsh College of Accountancy and Business Administration,3838 Livernois,Troy,Michigan,48083-5066,-83.147197,42.573888,Schools of business and management,www.walshcollege.edu
246,122931,Santa Clara University,500 El Camino Real,Santa Clara,California,95053,-121.938189,37.352706,Master's Colleges and Universities (larger programs),www.scu.edu
247,177339,Evangel University,1111 N Glenstone,Springfield,Missouri,65802-2125,-93.262614,37.220956,Baccalaureate Colleges--Diverse Fields,www.evangel.edu
248,229300,The University of Texas Health Science Center at Houston,7000 Fannin,Houston,Texas,77030,-95.403183,29.702873,Medical schools and medical centers,www.uth.edu/
249,228149,St Mary's University,One Camino Santa Maria,San Antonio,Texas,78228,-98.564307,29.451793,Master's Colleges and Universities (larger programs),www.stmarytx.edu/
250,407009,Arizona State University-West,4701 W Thunderbird Road,Glendale,Arizona,85306,-112.160021,33.60726,"Not applicable, not in Carnegie universe (not accredited or nondegree-granting)",www.asu.edu/
251,160065,Our Lady of Holy Cross College,4123 Woodland Drive,New Orleans,Louisiana,70131-7399,-89.997055,29.912539,Master's Colleges and Universities (smaller programs),www.olhcc.edu
252,129020,University of Connecticut,352 Mansfield Road,Storrs,Connecticut,6269,-72.249519,41.808205,Research Universities (very high research activity),uconn.edu/
253,236939,Washington State University,French Administration Building,Pullman,Washington,99164-5910,-117.158168,46.730448,Research Universities (very high research activity),wsu.edu/
254,162584,Frostburg State University,101 Braddock Road,Frostburg,Maryland,21532-1099,-78.933871,39.651509,Master's Colleges and Universities (larger programs),www.frostburg.edu
255,193654,The New School,66 W 12th Street,New York,New York,10011-8603,-73.994636,40.735275,Doctoral/Research Universities,www.newschool.edu/
256,450535,Argosy University-Nashville,"100 Centerview Dr, Suite 225",Nashville,Tennessee,37214,-86.634674,36.154664,Other health professions schools,www.argosy.edu/nashville/
257,155399,Kansas State University,Anderson Hall,Manhattan,Kansas,66506,-96.581077,39.188616,Research Universities (high research activity),www.k-state.edu
258,235316,Gonzaga University,E 502 Boone Ave,Spokane,Washington,99258-0001,-117.403062,47.668144,Master's Colleges and Universities (larger programs),www.gonzaga.edu
259,141334,University of West Georgia,1601 Maple St,Carrollton,Georgia,30118-0001,-85.099007,33.574421,Master's Colleges and Universities (larger programs),www.westga.edu
260,172608,Walsh College of Accountancy and Business Administration,3838 Livernois,Troy,Michigan,48083-5066,-83.147197,42.573888,Schools of business and management,www.walshcollege.edu
261,190594,CUNY Hunter College,695 Park Ave,New York,New York,10065,-73.964795,40.768669,Master's Colleges and Universities (larger programs),www.hunter.cuny.edu
262,132471,Barry University,11300 NE 2nd Ave,Miami,Florida,33161-6695,-80.196136,25.878865,Doctoral/Research Universities,www.barry.edu
263,162928,Johns Hopkins University,"3400 N Charles St, Mason Hall",Baltimore,Maryland,21218-2688,-76.620799,39.32838,Research Universities (very high research activity),www.jhu.edu
264,174233,University of Minnesota-Duluth,515 Darland Administration Bldg,Duluth,Minnesota,55812,-92.085177,46.818896,Master's Colleges and Universities (medium programs),www.d.umn.edu/
265,133951,Florida International University,11200 S. W. 8 Street,Miami,Florida,33199,-80.377591,25.757111,Research Universities (high research activity),www.fiu.edu
266,117636,Loma Linda University,11139 Anderson Street,Loma Linda,California,92350,-117.261056,34.051518,Medical schools and medical centers,www.llu.edu/index.html
267,226091,Lamar University,4400 MLK Blvd,Beaumont,Texas,77705,-94.073389,30.044274,Doctoral/Research Universities,www.lamar.edu
268,229300,The University of Texas Health Science Center at Houston,7000 Fannin,Houston,Texas,77030,-95.403183,29.702873,Medical schools and medical centers,www.uth.edu/
269,217633,Anderson University,316 Boulevard,Anderson,South Carolina,29621-4035,-82.640205,34.515506,Baccalaureate Colleges--Diverse Fields,www.andersonuniversity.edu
270,445188,University of California-Merced,5200 North Lake Road,Merced,California,95343-5603,-120.424944,37.366237,"Not applicable, not in Carnegie universe (not accredited or nondegree-granting)",www.ucmerced.edu
271,110705,University of California-Santa Barbara,5221 Cheadle Hall,Santa Barbara,California,93106,-119.848031,34.415402,Research Universities (very high research activity),www.ucsb.edu
272,228459,Texas State University,601 University Dr,San Marcos,Texas,78666,-97.936392,29.889202,Master's Colleges and Universities (larger programs),www.txstate.edu
273,112075,Concordia University-Irvine,1530 Concordia West,Irvine,California,92612-3203,-117.81063,33.6535,Master's Colleges and Universities (larger programs),www.cui.edu
274,206604,Wright State University-Main Campus,3640 Colonel Glenn Highway,Dayton,Ohio,45435-0001,-84.064881,39.780634,Research Universities (high research activity),www.wright.edu
275,211981,Delaware Valley University,700 E Butler Ave,Doylestown,Pennsylvania,18901-2697,-75.158202,40.29757,Baccalaureate Colleges--Diverse Fields,www.delval.edu
276,100751,The University of Alabama,739 University Blvd,Tuscaloosa,Alabama,35487-0166,-87.545766,33.2144,Research Universities (high research activity),www.ua.edu/
277,131159,American University,4400 Massachusetts Ave NW,Washington,District of Columbia,20016-8001,-77.090106,38.937802,Doctoral/Research Universities,WWW.AMERICAN.EDU
278,166513,University of Massachusetts-Lowell,1 University Ave,Lowell,Massachusetts,01854-5104,-71.325081,42.65372,Research Universities (high research activity),www.uml.edu
279,211024,Baptist Bible College & Seminary of Pennsylvania,538 Venard Rd,Clarks Summit,Pennsylvania,18411-1250,-75.683551,41.496219,"Theological seminaries, Bible colleges, and other faith-related institutions",www.bbc.edu
280,153658,University of Iowa,101 Jessup Hall,Iowa City,Iowa,52242-1316,-91.535698,41.660695,Research Universities (very high research activity),www.uiowa.edu
281,157793,Sullivan University,3101 Bardstown Rd,Louisville,Kentucky,40205-3013,-85.670489,38.212824,Master's Colleges and Universities (medium programs),www.sullivan.edu
282,204796,Ohio State University-Main Campus,190 N. Oval Mall,Columbus,Ohio,43210,-83.009001,39.998389,Research Universities (very high research activity),www.osu.edu/
283,173160,Bethel University,3900 Bethel Dr,Saint Paul,Minnesota,55112,-93.159295,45.057091,Master's Colleges and Universities (larger programs),www.bethel.edu
284,121150,Pepperdine University,24255 Pacific Coast Hwy,Malibu,California,90263,-118.707677,34.041912,Doctoral/Research Universities,www.pepperdine.edu/
285,228644,The University of Texas Health Science Center at San Antonio,7703 Floyd Curl Dr,San Antonio,Texas,78229-3900,-98.57606,29.504716,Medical schools and medical centers,www.uthscsa.edu
286,206695,Youngstown State University,One University Plaza,Youngstown,Ohio,44555-0001,-80.646515,41.105583,Master's Colleges and Universities (larger programs),www.ysu.edu
287,138947,Clark Atlanta University,"223 James P Brawley Drive, S.W.",Atlanta,Georgia,30314-4391,-84.412818,33.748772,Doctoral/Research Universities,www.cau.edu
288,176372,University of Southern Mississippi,118 College Drive # 0001,Hattiesburg,Mississippi,39406-0001,-89.33791,31.327499,Research Universities (high research activity),www.usm.edu
289,126818,Colorado State University-Fort Collins,102 Administration Building,Fort Collins,Colorado,80523-0100,-105.08083,40.574759,Research Universities (very high research activity),www.colostate.edu
290,459727,Touro University Worldwide,10601 Calle Lee  #179,Los Alamitos,California,90720,-118.057671,33.80843,"Not applicable, not in Carnegie universe (not accredited or nondegree-granting)",www.tuw.edu
291,191205,Five Towns College,305 North Service Road,Dix Hills,New York,11746-5871,-73.369968,40.793327,Baccalaureate Colleges--Diverse Fields,www.ftc.edu
292,176372,University of Southern Mississippi,118 College Drive # 0001,Hattiesburg,Mississippi,39406-0001,-89.33791,31.327499,Research Universities (high research activity),www.usm.edu
293,436438,Argosy University-Orange County,601 South Lewis Street,Orange,California,92868,-117.897468,33.779113,Doctoral/Research Universities,www.argosy.edu/orange-county-southern-california/default.aspx
294,224226,Dallas Baptist University,3000 Mountain Creek Parkway,Dallas,Texas,75211-9299,-96.947006,32.710017,Master's Colleges and Universities (larger programs),www.dbu.edu
295,110608,California State University-Northridge,18111 Nordhoff St,Northridge,California,91330,-118.526817,34.23671,Master's Colleges and Universities (larger programs),www.csun.edu
296,187967,New Mexico Institute of Mining and Technology,801 Leroy Place,Socorro,New Mexico,87801,-106.907491,34.066035,Master's Colleges and Universities (medium programs),www.nmt.edu
297,198419,Duke University,103 Allen Bldg,Durham,North Carolina,27708,-78.94226,36.00159,Research Universities (very high research activity),WWW.DUKE.EDU
298,110778,Sofia University,1069 East Meadow Cr,Palo Alto,California,94303,-122.10866,37.430325,Other health professions schools,www.sofia.edu
299,179159,Saint Louis University,One North Grand Blvd,Saint Louis,Missouri,63103-2097,-90.23381,38.634548,Research Universities (high research activity),www.slu.edu
300,212133,Eastern University,1300 Eagle Rd,Saint Davids,Pennsylvania,19087-3696,-75.370268,40.052306,Master's Colleges and Universities (larger programs),www.eastern.edu/about/student-consumer-information
301,102553,University of Alaska Anchorage,3211 Providence Drive,Anchorage,Alaska,99508,-149.826135,61.189554,Master's Colleges and Universities (larger programs),www.uaa.alaska.edu
302,159993,University of Louisiana at Monroe,700 University Avenue,Monroe,Louisiana,71209-0000,-92.073855,32.527957,Master's Colleges and Universities (larger programs),www.ulm.edu
303,131496,Georgetown University,37th and O St NW,Washington,District of Columbia,20057-0001,-77.073463,38.908809,Research Universities (very high research activity),www.georgetown.edu
304,162007,Bowie State University,14000 Jericho Park Rd,Bowie,Maryland,20715-9465,-76.759721,39.018185,Doctoral/Research Universities,www.bowiestate.edu
305,184348,Drew University,36 Madison Ave,Madison,New Jersey,7940,-74.425825,40.757026,Baccalaureate Colleges--Arts & Sciences,www.drew.edu
306,178208,Midwestern Baptist Theological Seminary,5001 N. Oak Trafficway,Kansas City,Missouri,64118-4697,-94.573185,39.185691,"Theological seminaries, Bible colleges, and other faith-related institutions",https://www.mbts.edu
307,170286,Hillsdale College,33 E College St,Hillsdale,Michigan,49242,-84.632691,41.931418,"Not applicable, not in Carnegie universe (not accredited or nondegree-granting)",www.hillsdale.edu
308,139940,Georgia State University,33 gilmer st,Atlanta,Georgia,30303-3083,-84.38667,33.7527,Research Universities (very high research activity),www.gsu.edu
309,152080,University of Notre Dame,400 Main Building,Notre Dame,Indiana,46556,-86.238959,41.703058,Research Universities (very high research activity),www.nd.edu
310,101189,Faulkner University,5345 Atlanta Hwy,Montgomery,Alabama,36109-3390,-86.21641,32.384181,Baccalaureate Colleges--Diverse Fields,www.faulkner.edu
311,100654,Alabama A & M University,4900 Meridian Street,Normal,Alabama,35762,-86.568502,34.783368,Master's Colleges and Universities (larger programs),www.aamu.edu/
312,217536,Salve Regina University,100 Ochre Point Avenue,Newport,Rhode Island,02840-4192,-71.301125,41.471445,Master's Colleges and Universities (medium programs),www.salve.edu
313,183910,Caldwell University,120 Bloomfield Avenue,Caldwell,New Jersey,07006-6195,-74.273697,40.834285,Master's Colleges and Universities (medium programs),www.caldwell.edu
314,215132,University of the Sciences,600 South 43rd Street,Philadelphia,Pennsylvania,19104-4495,-75.208241,39.946552,Other health professions schools,www.usciences.edu
315,127741,University of Northern Colorado,Carter Hall - Rm 4000,Greeley,Colorado,80639,-104.701721,40.403178,Doctoral/Research Universities,www.unco.edu
316,200280,University of North Dakota,"264 Centennial Drive, Stop 8193",Grand Forks,North Dakota,58202-8193,-97.070823,47.921881,Research Universities (high research activity),und.edu
317,148584,University of St Francis,500 N Wilcox St,Joliet,Illinois,60435-6188,-88.096368,41.533341,Master's Colleges and Universities (larger programs),www.stfrancis.edu
318,437097,University of Management and Technology,"1901 Fort Myer Drive, Suite 700",Arlington,Virginia,22209-1609,-77.072001,38.89742,"Not applicable, not in Carnegie universe (not accredited or nondegree-granting)",www.umtweb.edu
319,190567,CUNY City College,160 Convent Ave,New York,New York,10031,-73.95055,40.819794,Master's Colleges and Universities (larger programs),www.ccny.cuny.edu
320,216694,Waynesburg University,51 W College St,Waynesburg,Pennsylvania,15370-1257,-80.18727,39.899419,Master's Colleges and Universities (larger programs),www.waynesburg.edu
321,204857,Ohio University-Main Campus,020 Chubb Hall,Athens,Ohio,45701-2979,-82.101064,39.326799,Research Universities (high research activity),www.ohio.edu
322,216931,Wilkes University,84 West South Street,Wilkes-Barre,Pennsylvania,18766,-75.88833,41.243204,Master's Colleges and Universities (larger programs),www.wilkes.edu
323,181394,University of Nebraska at Omaha,6001 Dodge St,Omaha,Nebraska,68182-0225,-96.010797,41.257746,Doctoral/Research Universities,www.unomaha.edu
324,196088,University at Buffalo,12 Capen Hall,Buffalo,New York,14260-1660,-78.790103,43.001433,Research Universities (very high research activity),www.buffalo.edu
325,163532,Ner Israel Rabbinical College,record['university']['address'],Baltimore,Maryland,21208,-76.751799,39.387771,"Theological seminaries, Bible colleges, and other faith-related institutions",N/A
326,141264,Valdosta State University,1500 N Patterson St,Valdosta,Georgia,31698,-83.289925,30.849236,Master's Colleges and Universities (larger programs),www.valdosta.edu
327,454829,Aspen University,720 S Colorado Blvd Ste 1150N,Denver,Colorado,80246,-104.939873,39.703696,Master's Colleges and Universities (medium programs),www.aspen.edu
328,145770,Argosy University-Chicago,"225 N. Michigan Ave, Ste 1300",Chicago,Illinois,60601,-87.623772,41.886006,Doctoral/Research Universities,www.argosy.edu/chicago
329,102094,University of South Alabama,307 N University Blvd,Mobile,Alabama,36688-0002,-88.18189,30.695081,Research Universities (high research activity),www.southalabama.edu
330,199139,University of North Carolina at Charlotte,9201 University City Blvd,Charlotte,North Carolina,28223-0001,-80.73579,35.306834,Doctoral/Research Universities,www.uncc.edu
331,233921,Virginia Polytechnic Institute and State University,"210 Burruss Hall, 800 Drillfield Dr.",Blacksburg,Virginia,24061-0131,-80.434848,37.237477,Research Universities (very high research activity),WWW.VT.EDU
332,190594,CUNY Hunter College,695 Park Ave,New York,New York,10065,-73.964795,40.768669,Master's Colleges and Universities (larger programs),www.hunter.cuny.edu
333,165015,Brandeis University,415 South St,Waltham,Massachusetts,02454-9110,-71.254716,42.364947,Research Universities (very high research activity),www.brandeis.edu/
334,229063,Texas Southern University,3100 Cleburne St,Houston,Texas,77004,-95.361961,29.722468,Doctoral/Research Universities,www.tsu.edu
335,198543,Fayetteville State University,1200 Murchison Rd,Fayetteville,North Carolina,28301-4298,-78.894709,35.072485,Master's Colleges and Universities (medium programs),www.uncfsu.edu
336,230764,University of Utah,"201 Presidents Circle, ROOM 201",Salt Lake City,Utah,84112-9008,-111.846044,40.762484,Research Universities (very high research activity),www.utah.edu
337,220215,Freed-Hardeman University,158 E Main St,Henderson,Tennessee,38340-2399,-88.639418,35.440073,Master's Colleges and Universities (medium programs),www.fhu.edu
338,110653,University of California-Irvine,501 Aldrich Hall,Irvine,California,92697,-117.841248,33.648434,Research Universities (very high research activity),www.uci.edu/
339,232706,Marymount University,2807 N Glebe Rd,Arlington,Virginia,22207-4224,-77.128799,38.905552,Master's Colleges and Universities (larger programs),www.marymount.edu
340,131469,George Washington University,"2121 I Street, NW",Washington,District of Columbia,20052,-77.047871,38.89865,Research Universities (very high research activity),www.gwu.edu
341,188429,Adelphi University,South Ave,Garden City,New York,11530-0701,-73.653321,40.721439,Doctoral/Research Universities,www.adelphi.edu/
342,160612,Southeastern Louisiana University,548 Ned McGehee Ave.,Hammond,Louisiana,70402,-90.468558,30.51358,Master's Colleges and Universities (larger programs),www.southeastern.edu
343,199193,North Carolina State University at Raleigh,2101 Hillsborough Street,Raleigh,North Carolina,27695-7001,-78.674517,35.785111,Research Universities (very high research activity),www.ncsu.edu
344,197735,Yeshivath Viznitz,record['university']['address'],Monsey,New York,10952,-74.066431,41.118499,"Theological seminaries, Bible colleges, and other faith-related institutions",N/A
345,174817,Saint Mary's University of Minnesota,700 Terrace Heights,Winona,Minnesota,55987-1399,-91.696652,44.045322,Doctoral/Research Universities,www.smumn.edu
346,230959,Middlebury College,Old Chapel,Middlebury,Vermont,5753,-73.176068,44.009117,Baccalaureate Colleges--Arts & Sciences,www.middlebury.edu
347,110671,University of California-Riverside,900 University Ave,Riverside,California,92521,-117.331098,33.97588,Research Universities (very high research activity),WWW.UCR.EDU
348,220215,Freed-Hardeman University,158 E Main St,Henderson,Tennessee,38340-2399,-88.639418,35.440073,Master's Colleges and Universities (medium programs),www.fhu.edu
349,210775,Alvernia University,400 Saint Bernardine St,Reading,Pennsylvania,19607-1799,-75.938163,40.3102,Master's Colleges and Universities (medium programs),www.alvernia.edu
350,154235,Saint Ambrose University,518 W Locust St,Davenport,Iowa,52803-2898,-90.58098,41.540081,Master's Colleges and Universities (larger programs),www.sau.edu
351,159948,New Orleans Baptist Theological Seminary,3939 Gentilly Blvd,New Orleans,Louisiana,70126,-90.043929,30.005105,"Theological seminaries, Bible colleges, and other faith-related institutions",www.nobts.edu
352,232982,Old Dominion University,5115 Hampton Blvd,Norfolk,Virginia,23529,-76.309653,36.884919,Research Universities (high research activity),www.odu.edu
353,130943,University of Delaware,104 Hullihen Hall,Newark,Delaware,19716,-75.7536,39.679791,Research Universities (very high research activity),www.udel.edu/
354,106397,University of Arkansas,Administration Bldg 425,Fayetteville,Arkansas,72701,-94.178214,36.06153,Research Universities (very high research activity),www.uark.edu
355,414708,Baker College Center for Graduate Studies,1116 W Bristol Rd,Flint,Michigan,48507,-83.694495,42.974759,Master's Colleges and Universities (larger programs),www.baker.edu
356,190415,Cornell University,300 Day Hall,Ithaca,New York,14853,-76.48269,42.445291,Research Universities (very high research activity),www.cornell.edu
357,186618,College of Saint Elizabeth,2 Convent Rd,Morristown,New Jersey,07960-6989,-74.436039,40.781061,Master's Colleges and Universities (larger programs),www.cse.edu
358,201104,Ashland University,401 College Avenue,Ashland,Ohio,44805,-82.320621,40.860987,Doctoral/Research Universities,https://www.ashland.edu
359,193654,The New School,66 W 12th Street,New York,New York,10011-8603,-73.994636,40.735275,Doctoral/Research Universities,www.newschool.edu/
360,159948,New Orleans Baptist Theological Seminary,3939 Gentilly Blvd,New Orleans,Louisiana,70126,-90.043929,30.005105,"Theological seminaries, Bible colleges, and other faith-related institutions",www.nobts.edu
361,217925,Columbia International University,7435 Monticello Rd,Columbia,South Carolina,29203-1513,-81.069502,34.081233,Master's Colleges and Universities (smaller programs),www.ciu.edu
362,450933,Columbia Southern University,21982 University Lane,Orange Beach,Alabama,36561-9000,-87.652505,30.330964,Master's Colleges and Universities (larger programs),www.columbiasouthern.edu
363,207500,University of Oklahoma-Norman Campus,660 Parrington Oval,Norman,Oklahoma,73019-3072,-97.445692,35.208152,Research Universities (very high research activity),www.ou.edu
364,153603,Iowa State University,3410 Beardshear Hall,Ames,Iowa,50011-2030,-93.648353,42.026368,Research Universities (very high research activity),www.iastate.edu
365,236133,Northwest University,5520 108th Ave NE,Kirkland,Washington,98083-0579,-122.191505,47.657743,Baccalaureate Colleges--Diverse Fields,www.northwestu.edu
366,157748,The Southern Baptist Theological Seminary,2825 Lexington Rd,Louisville,Kentucky,40280-0001,-85.687649,38.248216,"Theological seminaries, Bible colleges, and other faith-related institutions",www.sbts.edu
367,186371,Rutgers University-Camden,406 Penn,Camden,New Jersey,8102,-75.125303,39.948628,Master's Colleges and Universities (medium programs),www.rutgers.edu
368,172608,Walsh College of Accountancy and Business Administration,3838 Livernois,Troy,Michigan,48083-5066,-83.147197,42.573888,Schools of business and management,www.walshcollege.edu
369,209542,Oregon State University,1500 S.W. Jefferson,Corvallis,Oregon,97331,-123.274721,44.56274,Research Universities (very high research activity),oregonstate.edu
370,183211,Rivier University,420 South Main St,Nashua,New Hampshire,3060,-71.455466,42.738343,Master's Colleges and Universities (larger programs),www.rivier.edu
371,482149,Georgia Regents University,1120 Fifteenth St,Augusta,Georgia,30912,-81.991376,33.471025,"Not applicable, not in Carnegie universe (not accredited or nondegree-granting)",www.gru.edu
372,198695,High Point University,833 Montlieu Ave,High Point,North Carolina,27262-3598,-79.994545,35.972674,Baccalaureate Colleges--Diverse Fields,www.highpoint.edu
373,186618,College of Saint Elizabeth,2 Convent Rd,Morristown,New Jersey,07960-6989,-74.436039,40.781061,Master's Colleges and Universities (larger programs),www.cse.edu
374,243568,Universidad Central Del Caribe,Ramon Ruiz Arnau University Hospital Laurel Ave,Bayamon,Puerto Rico,00960-6032,-66.154522,18.367405,Medical schools and medical centers,www.uccaribe.edu/
375,106412,University of Arkansas at Pine Bluff,1200 N University Mail Slot 4789,Pine Bluff,Arkansas,71601,-92.021263,34.242192,Baccalaureate Colleges--Diverse Fields,www.uapb.edu
376,198419,Duke University,103 Allen Bldg,Durham,North Carolina,27708,-78.94226,36.00159,Research Universities (very high research activity),WWW.DUKE.EDU
377,106245,University of Arkansas at Little Rock,2801 S University Ave,Little Rock,Arkansas,72204,-92.341835,34.726644,Doctoral/Research Universities,ualr.edu/www/
378,199315,Piedmont International University,420 S. Broad St.,Winston Salem,North Carolina,27101-5025,-80.249121,36.088839,"Theological seminaries, Bible colleges, and other faith-related institutions",www.piedmontu.edu
379,138354,The University of West Florida,11000 University Parkway,Pensacola,Florida,32514-5750,-87.218125,30.542855,Doctoral/Research Universities,uwf.edu
380,186584,Seton Hall University,400 S Orange Ave,South Orange,New Jersey,07079-2697,-74.248753,40.742859,Doctoral/Research Universities,www.shu.edu
381,166683,Massachusetts Institute of Technology,77 Massachusetts Avenue,Cambridge,Massachusetts,02139-4307,-71.092115,42.360095,Research Universities (very high research activity),web.mit.edu/student/
382,145813,Illinois State University,North and School Streets,Normal,Illinois,61790-1000,-88.99234,40.509724,Doctoral/Research Universities,illinoisstate.edu/
383,169798,Eastern Michigan University,202 Welch Hall,Ypsilanti,Michigan,48197,-83.624499,42.245751,Master's Colleges and Universities (larger programs),www.emich.edu
384,228635,University of Texas Southwestern Medical Center,5323 Harry Hines Blvd,Dallas,Texas,75390-9096,-96.842311,32.819539,Medical schools and medical centers,www.utsouthwestern.edu
385,483586,California International Business University,520 W Ash Street Ste 300,San Diego,California,92101,-117.167671,32.719889,"Not applicable, not in Carnegie universe (not accredited or nondegree-granting)",www.cibu.edu
386,170976,University of Michigan-Ann Arbor,503 Thompson Street,Ann Arbor,Michigan,48109,-83.74313,42.276172,Research Universities (very high research activity),www.umich.edu
387,120838,Pacific States University,3450 Wilshire Blvd. Suite 500,Los Angeles,California,90010,-118.299841,34.0607,Schools of business and management,www.psuca.edu
388,150136,Ball State University,2000 University Ave,Muncie,Indiana,47306,-85.408863,40.198942,Research Universities (high research activity),www.bsu.edu
389,244190,Widener University-Delaware Campus,4601 Concord Pike,Wilmington,Delaware,19803,-75.548908,39.816493,Schools of law,www.widener.edu
390,195720,Saint John Fisher College,3690 East Ave,Rochester,New York,14618-3597,-77.516979,43.117064,Doctoral/Research Universities,www.sjfc.edu
391,231624,College of William and Mary,200 Richmond Road,Williamsburg,Virginia,23187-8795,-76.709395,37.27195,Research Universities (high research activity),www.wm.edu
392,228431,Stephen F Austin State University,"2008 Alumin Drive, Rusk 206",Nacogdoches,Texas,75961,-94.58546,31.58562,Master's Colleges and Universities (larger programs),www.sfasu.edu
393,200332,North Dakota State University-Main Campus,1301  12th Avenue North,Fargo,North Dakota,58108-6050,-96.805689,46.894523,Research Universities (very high research activity),www.ndsu.edu
394,428268,Argosy University-Tampa,1403 N. Howard Avenue,Tampa,Florida,33607,-82.482545,27.955166,Master's Colleges and Universities (smaller programs),www.argosy.edu/tampa
395,456348,Argosy University-Phoenix Online Division,2233 West Dunlap Avenue,Phoenix,Arizona,85021,-112.107494,33.566817,Baccalaureate Colleges--Arts & Sciences,www.argosy.edu/phoenix
396,153861,Maharishi University of Management,1000 N 4th St,Fairfield,Iowa,52557,-91.967306,41.017781,Master's Colleges and Universities (larger programs),www.mum.edu
397,126775,Colorado School of Mines,1500 Illinois St,Golden,Colorado,80401,-105.227148,39.75079,Research Universities (high research activity),www.mines.edu
398,131496,Georgetown University,37th and O St NW,Washington,District of Columbia,20057-0001,-77.073463,38.908809,Research Universities (very high research activity),www.georgetown.edu
399,147013,McKendree University,701 College Rd,Lebanon,Illinois,62254-1291,-89.814486,38.609431,Master's Colleges and Universities (larger programs),www.mckendree.edu/prospective/admissions/index.aspx
400,187967,New Mexico Institute of Mining and Technology,801 Leroy Place,Socorro,New Mexico,87801,-106.907491,34.066035,Master's Colleges and Universities (medium programs),www.nmt.edu
401,245777,Bais Medrash Elyon,record['university']['address'],Monsey,New York,10952,-74.06923,41.113974,"Theological seminaries, Bible colleges, and other faith-related institutions",N/A
402,232706,Marymount University,2807 N Glebe Rd,Arlington,Virginia,22207-4224,-77.128799,38.905552,Master's Colleges and Universities (larger programs),www.marymount.edu
403,212106,Duquesne University,Administration Bldg 600 Forbes Ave,Pittsburgh,Pennsylvania,15282,-79.993046,40.437496,Research Universities (high research activity),www.duq.edu
404,121983,Argosy University-San Francisco Bay Area,1005 Atlantic Avenue,Alameda,California,94501,-122.267523,37.781238,Other health professions schools,www.argosy.edu/sanfrancisco
405,413413,Capella University,"225 South 6th Street, 9th Floor",Minneapolis,Minnesota,55402-3389,-93.268714,44.976186,Doctoral/Research Universities,www.capella.edu
406,133553,Embry-Riddle Aeronautical University-Daytona Beach,600 S Clyde Morris Blvd,Daytona Beach,Florida,32114-3900,-81.0495,29.189244,Master's Colleges and Universities (medium programs),www.erau.edu
407,128744,University of Bridgeport,126 Park Avenue,Bridgeport,Connecticut,06604-5620,-73.189352,41.165587,Master's Colleges and Universities (larger programs),www.bridgeport.edu
408,195003,Rochester Institute of Technology,1 Lomb Memorial Dr,Rochester,New York,14623-5603,-77.67521,43.090325,Master's Colleges and Universities (larger programs),www.rit.edu/
409,148496,Dominican University,7900 W Division Street,River Forest,Illinois,60305,-87.821872,41.902834,Master's Colleges and Universities (larger programs),www.dom.edu/
410,228325,Southwestern Assemblies of God University,1200 Sycamore,Waxahachie,Texas,75165,-96.85315,32.405477,Master's Colleges and Universities (smaller programs),www.sagu.edu
411,159948,New Orleans Baptist Theological Seminary,3939 Gentilly Blvd,New Orleans,Louisiana,70126,-90.043929,30.005105,"Theological seminaries, Bible colleges, and other faith-related institutions",www.nobts.edu
412,196255,SUNY Downstate Medical Center,450 Clarkson Ave,Brooklyn,New York,11203-2098,-73.943827,40.655283,Medical schools and medical centers,www.downstate.edu/
413,166683,Massachusetts Institute of Technology,77 Massachusetts Avenue,Cambridge,Massachusetts,02139-4307,-71.092115,42.360095,Research Universities (very high research activity),web.mit.edu/student/
414,211024,Baptist Bible College & Seminary of Pennsylvania,538 Venard Rd,Clarks Summit,Pennsylvania,18411-1250,-75.683551,41.496219,"Theological seminaries, Bible colleges, and other faith-related institutions",www.bbc.edu
415,157085,University of Kentucky,South Limestone,Lexington,Kentucky,40506-0032,-84.509177,38.032393,Research Universities (very high research activity),www.uky.edu
416,168421,Worcester Polytechnic Institute,100 Institute Road,Worcester,Massachusetts,01609-2280,-71.808792,42.275067,Doctoral/Research Universities,www.wpi.edu
417,238430,Cardinal Stritch University,6801 N Yates Rd,Milwaukee,Wisconsin,53217-3985,-87.909045,43.139752,Doctoral/Research Universities,www.stritch.edu
418,194718,Rabbinical Seminary M'kor Chaim,record['university']['address'],Brooklyn,New York,11219,-73.989649,40.627942,"Theological seminaries, Bible colleges, and other faith-related institutions",N/A
419,143118,Aurora University,347 S Gladstone Ave,Aurora,Illinois,60506-4892,-88.349469,41.754465,Master's Colleges and Universities (larger programs),aurora.edu
420,442222,Argosy University-Dallas,"5001 Lyndon B. Johnson Freeway, Heritage Square, Suite 230",Farmers Branch,Texas,75244,-96.823046,32.926742,Other health professions schools,www.argosy.edu/dallas/
421,209612,Pacific University,2043 College Way,Forest Grove,Oregon,97116,-123.108777,45.521394,Master's Colleges and Universities (larger programs),www.pacificu.edu
422,454829,Aspen University,720 S Colorado Blvd Ste 1150N,Denver,Colorado,80246,-104.939873,39.703696,Master's Colleges and Universities (medium programs),www.aspen.edu
423,231651,Regent University,1000 Regent University Dr,Virginia Beach,Virginia,23464,-76.192844,36.800929,Doctoral/Research Universities,www.regent.edu
424,110778,Sofia University,1069 East Meadow Cr,Palo Alto,California,94303,-122.10866,37.430325,Other health professions schools,www.sofia.edu
425,105330,Northern Arizona University,"1900 S. Knoles Dr, Babbitt Administrative Center",Flagstaff,Arizona,86011-4132,-111.657653,35.180095,Research Universities (high research activity),nau.edu/
426,178396,University of Missouri-Columbia,105 Jesse Hall,Columbia,Missouri,65211,-92.326429,38.941015,Research Universities (very high research activity),missouri.edu/
427,107044,Harding University,915 E. Market Ave.,Searcy,Arkansas,72143,-91.729008,35.249605,Master's Colleges and Universities (larger programs),www.harding.edu
428,221740,The University of Tennessee-Chattanooga,615 McCallie Ave,Chattanooga,Tennessee,37403-2598,-85.299812,35.048247,Master's Colleges and Universities (larger programs),www.utc.edu
429,243601,Universidad Del Turabo,Carr. # 189 Km 3.3,Gurabo,Puerto Rico,00778-3030,-66.006259,18.239647,Doctoral/Research Universities,www.suagm.edu/turabo
430,483586,California International Business University,520 W Ash Street Ste 300,San Diego,California,92101,-117.167671,32.719889,"Not applicable, not in Carnegie universe (not accredited or nondegree-granting)",www.cibu.edu
431,195128,The Sage Colleges,65 1st Street,Troy,New York,12180,-73.693711,42.72821,Master's Colleges and Universities (larger programs),www.sage.edu
432,228529,Tarleton State University,1333 W. Washington,Stephenville,Texas,76401-0000,-98.22008,32.215665,Master's Colleges and Universities (larger programs),www.tarleton.edu
433,157085,University of Kentucky,South Limestone,Lexington,Kentucky,40506-0032,-84.509177,38.032393,Research Universities (very high research activity),www.uky.edu
434,192749,Manhattanville College,2900 Purchase St,Purchase,New York,10577,-73.718316,41.031054,Master's Colleges and Universities (larger programs),www.manhattanville.edu
435,168254,Western New England University,1215 Wilbraham Rd,Springfield,Massachusetts,01119-2684,-72.518789,42.115837,Master's Colleges and Universities (medium programs),www.wne.edu
436,133881,Florida Institute of Technology,150 West University Boulevard,Melbourne,Florida,32901-6975,-80.624628,28.064503,Doctoral/Research Universities,www.fit.edu
437,183026,Southern New Hampshire University,2500 North River Road,Manchester,New Hampshire,03106-1045,-71.453938,43.039892,Master's Colleges and Universities (larger programs),www.snhu.edu
438,171571,Oakland University,2200 North Squirrel Road,Rochester Hills,Michigan,48309-4401,-83.218866,42.672586,Doctoral/Research Universities,www.oakland.edu
439,217882,Clemson University,201 Sikes Hall,Clemson,South Carolina,29634,-82.834463,34.677329,Research Universities (high research activity),www.clemson.edu
440,100858,Auburn University,"Auburn, Alabama",Auburn University,Alabama,36849,-85.492409,32.600201,Research Universities (high research activity),www.auburn.edu
441,215132,University of the Sciences,600 South 43rd Street,Philadelphia,Pennsylvania,19104-4495,-75.208241,39.946552,Other health professions schools,www.usciences.edu
442,161457,University of New England,11 Hills Beach Rd,Biddeford,Maine,04005-9599,-70.385882,43.458172,Master's Colleges and Universities (larger programs),www.une.edu/
443,141565,University of Hawaii at Hilo,200 W Kawili St,Hilo,Hawaii,96720-4091,-155.081329,19.701854,Baccalaureate Colleges--Arts & Sciences,hilo.hawaii.edu
444,215132,University of the Sciences,600 South 43rd Street,Philadelphia,Pennsylvania,19104-4495,-75.208241,39.946552,Other health professions schools,www.usciences.edu
445,126614,University of Colorado Boulder,Regent Drive at Broadway,Boulder,Colorado,80309-0017,-105.267061,40.004415,Research Universities (very high research activity),www.colorado.edu
446,197708,Yeshiva University,500 W 185th St,New York,New York,10033-3299,-73.928541,40.8508,Research Universities (very high research activity),www.yu.edu
447,121983,Argosy University-San Francisco Bay Area,1005 Atlantic Avenue,Alameda,California,94501,-122.267523,37.781238,Other health professions schools,www.argosy.edu/sanfrancisco
448,129525,University of Hartford,200 Bloomfield Ave,West Hartford,Connecticut,06117-1599,-72.714965,41.796485,Master's Colleges and Universities (larger programs),www.hartford.edu
449,450979,Trident University International,"5757 Plaza Drive, Suite 100",Cypress,California,90630-5041,-118.034759,33.805244,Doctoral/Research Universities,www.trident.edu/
450,231174,University of Vermont,85 S Prospect St,Burlington,Vermont,05405-0160,-73.198128,44.479262,Research Universities (high research activity),www.uvm.edu
451,178411,Missouri University of Science and Technology,1870 Miner Circle,Rolla,Missouri,65409,-91.7759,37.955853,Research Universities (high research activity),www.mst.edu/
452,160658,University of Louisiana at Lafayette,104 University Circle,Lafayette,Louisiana,70503,-92.01941,30.215283,Research Universities (high research activity),www.louisiana.edu
453,198695,High Point University,833 Montlieu Ave,High Point,North Carolina,27262-3598,-79.994545,35.972674,Baccalaureate Colleges--Diverse Fields,www.highpoint.edu
454,198543,Fayetteville State University,1200 Murchison Rd,Fayetteville,North Carolina,28301-4298,-78.894709,35.072485,Master's Colleges and Universities (medium programs),www.uncfsu.edu
455,176372,University of Southern Mississippi,118 College Drive # 0001,Hattiesburg,Mississippi,39406-0001,-89.33791,31.327499,Research Universities (high research activity),www.usm.edu
456,209542,Oregon State University,1500 S.W. Jefferson,Corvallis,Oregon,97331,-123.274721,44.56274,Research Universities (very high research activity),oregonstate.edu
457,234915,City University of Seattle,"521 Wall Street, Suite 100",Seattle,Washington,98121,-122.344331,47.61734,Master's Colleges and Universities (larger programs),www.cityu.edu
458,110529,California State Polytechnic University-Pomona,3801 West Temple Avenue,Pomona,California,91768,-117.819019,34.054273,Master's Colleges and Universities (larger programs),www.csupomona.edu
459,162584,Frostburg State University,101 Braddock Road,Frostburg,Maryland,21532-1099,-78.933871,39.651509,Master's Colleges and Universities (larger programs),www.frostburg.edu
460,230764,University of Utah,"201 Presidents Circle, ROOM 201",Salt Lake City,Utah,84112-9008,-111.846044,40.762484,Research Universities (very high research activity),www.utah.edu
461,199102,North Carolina A & T State University,1601 E Market  St,Greensboro,North Carolina,27411,-79.770152,36.076737,Doctoral/Research Universities,www.ncat.edu
462,239503,Northland International University,W10085 Pike Plains Rd,Dunbar,Wisconsin,54119-9285,-88.095933,45.58114,Baccalaureate Colleges--Diverse Fields,www.ni.edu
463,228802,The University of Texas at Tyler,3900 University Blvd,Tyler,Texas,75799-6699,-95.249096,32.314724,Master's Colleges and Universities (larger programs),www.uttyler.edu/
464,229337,Texas Tech University Health Sciences Center,3601 4th Street,Lubbock,Texas,79430,-101.89359,33.593227,Medical schools and medical centers,www.ttuhsc.edu
465,245777,Bais Medrash Elyon,record['university']['address'],Monsey,New York,10952,-74.06923,41.113974,"Theological seminaries, Bible colleges, and other faith-related institutions",N/A
466,190415,Cornell University,300 Day Hall,Ithaca,New York,14853,-76.48269,42.445291,Research Universities (very high research activity),www.cornell.edu
467,159993,University of Louisiana at Monroe,700 University Avenue,Monroe,Louisiana,71209-0000,-92.073855,32.527957,Master's Colleges and Universities (larger programs),www.ulm.edu
468,196097,Stony Brook University,310 Administration Building,Stony Brook,New York,11794,-73.123595,40.913138,Research Universities (very high research activity),www.stonybrook.edu
469,153603,Iowa State University,3410 Beardshear Hall,Ames,Iowa,50011-2030,-93.648353,42.026368,Research Universities (very high research activity),www.iastate.edu
470,154688,Baker University,618 Eighth Street,Baldwin City,Kansas,66006-0065,-95.188231,38.777278,Master's Colleges and Universities (larger programs),www.bakeru.edu
471,443049,Faith Evangelical College & Seminary,3504 N Pearl St,Tacoma,Washington,98407-0186,-122.515945,47.280177,"Theological seminaries, Bible colleges, and other faith-related institutions",www.faithseminary.edu
472,171128,Michigan Technological University,1400 Townsend Drive,Houghton,Michigan,49931-1295,-88.546403,47.1183,Research Universities (high research activity),www.mtu.edu
473,128425,Yeshiva Toras Chaim Talmudical Seminary,record['university']['address'],Denver,Colorado,80204,-105.043282,39.741781,"Theological seminaries, Bible colleges, and other faith-related institutions",N/A
474,140447,Mercer University,1400 Coleman Avenue,Macon,Georgia,31207,-83.651042,32.829731,Master's Colleges and Universities (larger programs),www.mercer.edu
475,213011,Immaculata University,1145 King Rd,Immaculata,Pennsylvania,19345-0702,-75.57063,40.027963,Doctoral/Research Universities,www.immaculata.edu
476,128425,Yeshiva Toras Chaim Talmudical Seminary,record['university']['address'],Denver,Colorado,80204,-105.043282,39.741781,"Theological seminaries, Bible colleges, and other faith-related institutions",N/A
477,126562,University of Colorado Denver,"1380 Lawrence Street, Lawrence Street Center, Suite 1400",Denver,Colorado,80217-3364,-104.999181,39.74603,Research Universities (high research activity),www.ucdenver.edu/
478,196255,SUNY Downstate Medical Center,450 Clarkson Ave,Brooklyn,New York,11203-2098,-73.943827,40.655283,Medical schools and medical centers,www.downstate.edu/
479,363907,Caribbean University-Ponce,AVE. EDNITA NAZARIO #1015,Ponce,Puerto Rico,00716-7733,-66.614615,18.012811,Master's Colleges and Universities (smaller programs),www.caribbean.edu
480,136950,Rollins College,1000 Holt Avenue,Winter Park,Florida,32789-4499,-81.348716,28.591992,Master's Colleges and Universities (larger programs),www.rollins.edu
481,203517,Kent State University at Kent,"Executive Office, 2nd Floor Library",Kent,Ohio,44242-0001,-81.342253,41.146856,Research Universities (high research activity),www.kent.edu
482,101189,Faulkner University,5345 Atlanta Hwy,Montgomery,Alabama,36109-3390,-86.21641,32.384181,Baccalaureate Colleges--Diverse Fields,www.faulkner.edu
483,165167,Cambridge College,1000 Massachusetts Avenue,Cambridge,Massachusetts,2138,-71.11084,42.369193,Master's Colleges and Universities (larger programs),www.cambridgecollege.edu
484,241739,Universidad Metropolitana,Ave. Ana G. Mendez Km 0.3,Cupey,Puerto Rico,00928-1345,-66.061042,18.386652,Master's Colleges and Universities (larger programs),www.suagm.edu/umet
485,131283,Catholic University of America,"620 Michigan Avenue, NE",Washington,District of Columbia,20064,-76.998961,38.935796,Research Universities (high research activity),www.cua.edu
486,217882,Clemson University,201 Sikes Hall,Clemson,South Carolina,29634,-82.834463,34.677329,Research Universities (high research activity),www.clemson.edu
487,186618,College of Saint Elizabeth,2 Convent Rd,Morristown,New Jersey,07960-6989,-74.436039,40.781061,Master's Colleges and Universities (larger programs),www.cse.edu
488,110662,University of California-Los Angeles,405 Hilgard Ave,Los Angeles,California,90095-1405,-118.443901,34.068892,Research Universities (very high research activity),www.ucla.edu/
489,104717,Grand Canyon University,3300 W Camelback Rd,Phoenix,Arizona,85017,-112.129917,33.512172,Master's Colleges and Universities (larger programs),www.gcu.edu
490,227757,Rice University,6100 S Main,Houston,Texas,77005-1827,-95.403625,29.716485,Research Universities (very high research activity),www.rice.edu
491,241739,Universidad Metropolitana,Ave. Ana G. Mendez Km 0.3,Cupey,Puerto Rico,00928-1345,-66.061042,18.386652,Master's Colleges and Universities (larger programs),www.suagm.edu/umet
492,178411,Missouri University of Science and Technology,1870 Miner Circle,Rolla,Missouri,65409,-91.7759,37.955853,Research Universities (high research activity),www.mst.edu/
493,224147,Texas A & M University-Corpus Christi,6300 Ocean Dr.,Corpus Christi,Texas,78412-5503,-97.331933,27.718601,Doctoral/Research Universities,www.tamucc.edu
494,206279,Union Institute & University,440 E McMillan St,Cincinnati,Ohio,45206-1925,-84.500139,39.126856,Doctoral/Research Universities,www.myunion.edu
495,183044,University of New Hampshire-Main Campus,"105 Main St., Thompson Hall",Durham,New Hampshire,03824-3547,-70.934512,43.134235,Research Universities (high research activity),www.unh.edu
496,454829,Aspen University,720 S Colorado Blvd Ste 1150N,Denver,Colorado,80246,-104.939873,39.703696,Master's Colleges and Universities (medium programs),www.aspen.edu
497,178396,University of Missouri-Columbia,105 Jesse Hall,Columbia,Missouri,65211,-92.326429,38.941015,Research Universities (very high research activity),missouri.edu/
498,237525,Marshall University,1 John Marshall Dr,Huntington,West Virginia,25755,-82.43065,38.42261,Master's Colleges and Universities (larger programs),www.marshall.edu/
499,232706,Marymount University,2807 N Glebe Rd,Arlington,Virginia,22207-4224,-77.128799,38.905552,Master's Colleges and Universities (larger programs),www.marymount.edu
500,197708,Yeshiva University,500 W 185th St,New York,New York,10033-3299,-73.928541,40.8508,Research Universities (very high research activity),www.yu.edu
